{
    "metrics": {
        "sequential_time": 5.335958957672119,
        "parallel_time": 1.6020619869232178,
        "speedup": 3.3306819593915353,
        "accuracy_check": true,
        "cpu_count": 4
    },
    "summary": {
        "total_buy": 17654273846.46987,
        "total_sell": 17658160238.860348,
        "net_flow": -3886392.390476227,
        "ticker_breakdown": {
            "AAPL": 3783217593.040007,
            "MSFT": 7262399904.7200365,
            "GOOGL": 3368818021.709953,
            "AMZN": 3947205534.3900213,
            "NVDA": 1295884601.0200028,
            "TSLA": 5041213885.360025,
            "META": 9178718887.29005,
            "NFLX": 1434975657.800029
        }
    }
}