{
    "metrics": {
        "sequential_time": 1.4707820415496826,
        "parallel_time": 2.087297201156616,
        "speedup": 0.7046347021088759,
        "accuracy_check": true,
        "cpu_count": 8
    },
    "summary": {
        "total_buy": 17630797192.269913,
        "total_sell": 17660312329.570053,
        "net_flow": -29515137.30014038,
        "ticker_breakdown": {
            "AAPL": 3781695399.5100183,
            "MSFT": 7273906997.4201765,
            "GOOGL": 3370064312.1300197,
            "AMZN": 3942211196.9798985,
            "NVDA": 1298008252.3199813,
            "TSLA": 5030131148.629999,
            "META": 9161114163.210077,
            "NFLX": 1433978051.6399703
        }
    }
}