{
    "metrics": {
        "sequential_time": 1.428225,
        "parallel_time": 0.369137,
        "speedup": 3.869095,
        "accuracy_check": true,
        "cpu_count": 4
    },
    "summary": {
        "total_buy": 39665605359.430183,
        "total_sell": 39674777514.409103,
        "net_flow": -9172154.978920,
        "ticker_breakdown": {
            "AAPL": 7636099041.200003,
            "MSFT": 14605524967.699596,
            "GOOGL": 8052848137.719788,
            "AMZN": 6994699158.950106,
            "NVDA": 5473462718.639997,
            "TSLA": 12049969295.940329,
            "META": 21157010998.889717,
            "NFLX": 3370768554.799963
        }
    }
}
