{
    "metrics": {
        "sequential_time": 6.771986246109009,
        "parallel_time": 1.8590471744537354,
        "speedup": 3.642718882644222,
        "accuracy_check": true,
        "cpu_count": 4
    },
    "summary": {
        "total_buy": 16963789847.049992,
        "total_sell": 16968239677.899864,
        "net_flow": -4449830.849872589,
        "ticker_breakdown": {
            "AAPL": 3786545552.3600326,
            "MSFT": 7276927730.969946,
            "GOOGL": 3379941434.3800826,
            "AMZN": 3946405196.0500083,
            "NVDA": 1299021396.539987,
            "TSLA": 5046409596.95002,
            "META": 9196778617.699924
        }
    }
}