{
    "metrics": {
        "sequential_time": 5.301541090011597,
        "parallel_time": 1.5262315273284912,
        "speedup": 3.4736152379785983,
        "accuracy_check": true,
        "cpu_count": 4
    },
    "summary": {
        "total_buy": 17685290014.13,
        "total_sell": 17692735277.93023,
        "net_flow": -7445263.800228119,
        "ticker_breakdown": {
            "AAPL": 3785513192.8399734,
            "MSFT": 7281255102.040053,
            "GOOGL": 3390244293.230078,
            "AMZN": 3947816455.6200237,
            "NVDA": 1300723511.7100148,
            "TSLA": 5053604096.420109,
            "META": 9180859750.409885,
            "NFLX": 1438008889.7900023
        }
    }
}