{
    "metrics": {
        "sequential_time": 1.458906888961792,
        "parallel_time": 4.872923135757446,
        "speedup": 0.2993904989504867,
        "accuracy_check": true,
        "cpu_count": 8
    },
    "summary": {
        "total_buy": 17630797192.269913,
        "total_sell": 17660286477.210052,
        "net_flow": -29489284.94013977,
        "ticker_breakdown": {
            "AAPL": 3781669547.150018,
            "MSFT": 7273906997.4201765,
            "GOOGL": 3370064312.1300197,
            "AMZN": 3942211196.9798985,
            "NVDA": 1298008252.3199813,
            "TSLA": 5030131148.629999,
            "META": 9161114163.210077,
            "NFLX": 1433978051.6399703
        }
    }
}