{
    "metrics": {
        "sequential_time": 1.213553,
        "parallel_time": 1.128563,
        "speedup": 1.075308,
        "accuracy_check": true,
        "cpu_count": 4
    },
    "summary": {
        "total_buy": 79369309121.919830,
        "total_sell": 79310700648.199249,
        "net_flow": 58608473.720581,
        "ticker_breakdown": {
            "AAPL": 15273248195.290123,
            "MSFT": 29200730997.249981,
            "GOOGL": 16111393997.279951,
            "AMZN": 13985833104.290789,
            "NVDA": 10948869846.700428,
            "TSLA": 24107792923.490295,
            "META": 42309374759.770988,
            "NFLX": 6742765946.050308
        }
    }
}
